<?xml version="1.0" encoding="UTF-8"?>
<project-private xmlns="http://www.netbeans.org/ns/project-private/1">
    <editor-bookmarks xmlns="http://www.netbeans.org/ns/editor-bookmarks/2" lastBookmarkId="0"/>
    <open-files xmlns="http://www.netbeans.org/ns/projectui-open-files/2">
        <group>
            <file>file:/D:/JAVA/tiketpesawat/src/tambah_tiket/tiket_.java</file>
            <file>file:/D:/JAVA/tiketpesawat/src/utama/tampil_utama.java</file>
            <file>file:/D:/JAVA/tiketpesawat/src/transaksi/transasksii.java</file>
        </group>
    </open-files>
</project-private>
